v_categories,proportion
fiction,0.14336122208941862
education,0.09020909424240837
history,0.08493769077290109
no information,0.07622344655501641
mental health,0.06711872800605712
religion,0.06192827653201651
science and technology,0.05581401993323842
art,0.04043790267665392
economy and politics,0.03209032337941248
biography,0.029423669411098044
autobiography,0.029209384717215632
entertainment,0.02494750024999881
sports,0.02222846557873534
children and young people,0.018866576825824637
home and gardening,0.01868562530654616
travels,0.014276122494654788
drama and novels,0.011776134399360002
health,0.010542806939014576
music,0.010214237075061547
spirit,0.009633287460535902
poetry,0.006976157256394017
young adult fiction,0.0027952247846438827
study aids,0.0022380845805496166
animals,0.0010047571202041895
african americans,0.0008523768934433646
american poetry,0.0006761872562511607
american fiction,0.0006190446712158514
indians of north america,0.0005523783220079904
electronic books,0.0005523783220079904
adventure stories,0.0005333307936628873
conduct of life,0.0005238070294903358
cats,0.0004999976190589568
frontier and pioneer life,0.0004714263265413022
comic books strips etc,0.0004714263265413022
large type books,0.00045237879819619905
libraries,0.00043333126985109597
dogs,0.0003857124489883382
railroads,0.00036666492064323504
jews,0.00036190303855695923
brothers and sisters,0.0003476173922981319
automobiles,0.0003333317460393046
fairy tales,0.000323807981866753
chess,0.00030476045352164987
actors,0.0002999985714353741
agriculture,0.0002999985714353741
presidents,0.00029523668934909836
communism,0.00029523668934909836
birds,0.00029047480726282254
australia,0.0002761891610039952
cooking american,0.00027142727891771946
encyclopedias and dictionaries,0.00026666539683144365
crime,0.00026666539683144365
folklore,0.0002571416326588921
aeronautics,0.0002571416326588921
dungeons and dragons game,0.0002571416326588921
christmas stories,0.0002523797505726163
adventure and adventurers,0.0002523797505726163
american wit and humor pictorial,0.00024285598640006476
child rearing,0.00024285598640006476
motion picture actors and actresses,0.00023809410431378897
horses,0.00022857034014123743
authorship,0.0002095228117961343
generals,0.0002095228117961343
bears,0.0002095228117961343
readers,0.0002095228117961343
mormon church,0.00020476092970985854
occultism,0.00019999904762358275
audiotapes,0.00019999904762358275
alaska,0.00019999904762358275
american drama,0.00019999904762358275
baptists,0.00019523716553730697
meditation,0.00019523716553730697
firearms,0.00019523716553730697
airplanes,0.0001857134013647554
fantasy,0.0001857134013647554
children s poetry,0.0001857134013647554
man woman relationships,0.0001857134013647554
apologetics,0.00018095151927847961
children s libraries,0.00018095151927847961
boys,0.00017618963719220386
government publications,0.00017618963719220386
murder,0.00017618963719220386
fiction in english,0.00017618963719220386
rock musicians,0.00017142775510592807
curiosities and wonders,0.00017142775510592807
chicago ill,0.0001666658730196523
british,0.0001666658730196523
gay men,0.0001666658730196523
automobile racing,0.0001619039909333765
vietnam war 1961 1975,0.0001619039909333765
christmas,0.00015714210884710072
ethnology,0.00015238022676082494
literature,0.00015238022676082494
popular literature,0.00014761834467454918
success,0.00014761834467454918
fishing,0.00014761834467454918
self actualization psychology,0.00014761834467454918
florida,0.0001428564625882734
children s stories american,0.0001380945805019976
best books,0.0001380945805019976
holocaust jewish 1939 1945,0.0001380945805019976
children s stories english,0.00013333269841572183
death,0.00013333269841572183
monographic series,0.00013333269841572183
adolescence,0.00013333269841572183
catalogs union,0.00012857081632944604
christian biography,0.00012857081632944604
clothing and dress,0.00012857081632944604
periodicals,0.00012857081632944604
boats and boating,0.00012857081632944604
electronic journals,0.00012857081632944604
alphabet,0.00012857081632944604
civilization modern,0.00012857081632944604
missions,0.00012857081632944604
airplanes military,0.00012857081632944604
natural history,0.00012857081632944604
soviet union,0.00012380893424317028
business enterprises,0.00012380893424317028
ghost stories,0.00012380893424317028
new york n y,0.00012380893424317028
drugs,0.00012380893424317028
asia,0.00012380893424317028
freemasonry,0.00011904705215689449
horsemanship,0.00011904705215689449
baking,0.00011904705215689449
locomotives,0.00011904705215689449
dolls,0.00011904705215689449
atlases,0.00011904705215689449
iran,0.00011904705215689449
theology doctrinal,0.00011904705215689449
college readers,0.00011904705215689449
mysticism,0.00011428517007061872
missionaries,0.00011428517007061872
arthurian romances,0.00011428517007061872
banks and banking,0.00011428517007061872
accounting,0.00010952328798434293
christian saints,0.00010952328798434293
book industries and trade,0.00010952328798434293
bibliography,0.00010952328798434293
unidentified flying objects,0.00010952328798434293
interior decoration,0.00010952328798434293
hand weaving,0.00010476140589806715
beauty personal,0.00010476140589806715
cowboys,0.00010476140589806715
beer,0.00010476140589806715
psychoanalysis,0.00010476140589806715
feminism,0.00010476140589806715
hawaii,0.00010476140589806715
blind,0.00010476140589806715
israel,9.999952381179138e-05
dragons,9.999952381179138e-05
soldiers,9.999952381179138e-05
brothers,9.999952381179138e-05
lawyers,9.999952381179138e-05
caricatures and cartoons,9.999952381179138e-05
new thought,9.999952381179138e-05
bible stories english,9.999952381179138e-05
conservatism,9.523764172551559e-05
kentucky,9.523764172551559e-05
operas,9.523764172551559e-05
knitting,9.523764172551559e-05
dwellings,9.523764172551559e-05
photography artistic,9.523764172551559e-05
camping,9.523764172551559e-05
aunts,9.523764172551559e-05
italy,9.523764172551559e-05
criminals,9.523764172551559e-05
fishes,9.523764172551559e-05
dating social customs,9.523764172551559e-05
latin language,9.523764172551559e-05
cities and towns,9.523764172551559e-05
alcoholics,9.523764172551559e-05
animal behavior,9.523764172551559e-05
editions,9.523764172551559e-05
consciousness,9.523764172551559e-05
confederate states of america,9.047575963923981e-05
texas,9.047575963923981e-05
philosophers,9.047575963923981e-05
selling,9.047575963923981e-05
aquarium fishes,9.047575963923981e-05
devotional calendars,9.047575963923981e-05
food,9.047575963923981e-05
criticism,9.047575963923981e-05
jazz,9.047575963923981e-05
indiana,9.047575963923981e-05
african american women,9.047575963923981e-05
communication,9.047575963923981e-05
evangelistic work,9.047575963923981e-05
painters,9.047575963923981e-05
child development,9.047575963923981e-05
large print books,9.047575963923981e-05
java computer program language,8.571387755296404e-05
karate,8.571387755296404e-05
byzantine empire,8.571387755296404e-05
civilization medieval,8.571387755296404e-05
trademarks,8.571387755296404e-05
new england,8.571387755296404e-05
heroes,8.571387755296404e-05
journalism,8.571387755296404e-05
life on other planets,8.571387755296404e-05
democracy,8.571387755296404e-05
motion picture plays,8.571387755296404e-05
arizona,8.571387755296404e-05
christian science,8.571387755296404e-05
contract bridge,8.571387755296404e-05
businessmen,8.571387755296404e-05
color,8.095199546668825e-05
birthdays,8.095199546668825e-05
basic computer program language,8.095199546668825e-05
admirals,8.095199546668825e-05
crocheting,8.095199546668825e-05
tales,8.095199546668825e-05
bereavement,8.095199546668825e-05
dressmaking,8.095199546668825e-05
angels,8.095199546668825e-05
north carolina,8.095199546668825e-05
canvas embroidery,8.095199546668825e-05
dinosaurs,8.095199546668825e-05
socialism,8.095199546668825e-05
drawing,8.095199546668825e-05
art modern,8.095199546668825e-05
connecticut,8.095199546668825e-05
western stories,8.095199546668825e-05
city and town life,8.095199546668825e-05
colorado,8.095199546668825e-05
aids disease,8.095199546668825e-05
short stories american,8.095199546668825e-05
investments,8.095199546668825e-05
piano,8.095199546668825e-05
acting,8.095199546668825e-05
abortion,8.095199546668825e-05
c computer program language,8.095199546668825e-05
musicals,7.619011338041247e-05
mormons,7.619011338041247e-05
korean war 1950 1953,7.619011338041247e-05
netherlands,7.619011338041247e-05
computer graphics,7.619011338041247e-05
farm life,7.619011338041247e-05
corporations,7.619011338041247e-05
parapsychology,7.619011338041247e-05
constitutional history,7.619011338041247e-05
slavery,7.619011338041247e-05
fighter pilots,7.619011338041247e-05
antisemitism,7.619011338041247e-05
cd roms,7.619011338041247e-05
catholics,7.619011338041247e-05
